"Guid","AccountId","AssistantName","AssistantPhone","Birthdate","Department","Description","Email","EmailBouncedReason","Fax","FirstName","HomePhone","Jigsaw","LastName","LeadSource","MailingCity","MailingCountry","MailingGeocodeAccuracy","MailingLatitude","MailingLongitude","MailingPostalCode","MailingState","MailingStreet","MobilePhone","OtherCity","OtherCountry","OtherGeocodeAccuracy","OtherLatitude","OtherLongitude","OtherPhone","OtherPostalCode","OtherState","OtherStreet","Phone","ReportsToId","Salutation","Title"
09b66db2-f9fb-4f9b-819e-b55cc318ef5d,0311893f-186d-494f-9014-df11b1dda662,"#N/A","#N/A","#N/A","#N/A","#N/A","#N/A","#N/A","#N/A",AL,"#N/A","#N/A",acc32 cont,"#N/A","#N/A","#N/A","#N/A","#N/A","#N/A","#N/A","#N/A","#N/A","#N/A","#N/A","#N/A","#N/A","#N/A","#N/A","#N/A","#N/A","#N/A","#N/A","#N/A","#N/A",Ms.,"#N/A"
12c453f0-5772-4768-8442-b27c56288676,e65ea6bb-f5d9-4097-bde3-389141eef511,"#N/A","#N/A","#N/A","#N/A","#N/A","#N/A","#N/A","#N/A","#N/A","#N/A","#N/A",PO,"#N/A","#N/A","#N/A","#N/A","#N/A","#N/A","#N/A","#N/A","#N/A","#N/A","#N/A","#N/A","#N/A","#N/A","#N/A","#N/A","#N/A","#N/A","#N/A","#N/A","#N/A",Dr.,"#N/A"
1f7ae91d-8457-439d-ae48-15295af04b1b,115bf47e-4499-41b1-9eac-818452eea395,"#N/A","#N/A","#N/A","#N/A","#N/A","#N/A","#N/A","#N/A","#N/A","#N/A","#N/A",Contacttest,"#N/A","#N/A","#N/A","#N/A","#N/A","#N/A","#N/A","#N/A","#N/A","#N/A","#N/A","#N/A","#N/A","#N/A","#N/A","#N/A","#N/A","#N/A","#N/A","#N/A","#N/A","#N/A","#N/A"
2cc23bfe-7763-4c5c-8253-b7ff436b6fcf,9eb50b23-932a-4889-a962-e25ea1ea259e,"#N/A","#N/A","#N/A","#N/A","#N/A","#N/A","#N/A","#N/A","#N/A","#N/A","#N/A",XI,"#N/A","#N/A","#N/A","#N/A","#N/A","#N/A","#N/A","#N/A","#N/A","#N/A","#N/A","#N/A","#N/A","#N/A","#N/A","#N/A","#N/A","#N/A","#N/A","#N/A","#N/A",Ms.,"#N/A"
2e824cff-4402-49a7-959d-f00c12a8ab6c,185896c6-1e28-48ea-b113-6b3d2a395cfd,"#N/A","#N/A","#N/A","#N/A","#N/A",info@salesforce.com,"#N/A","#N/A",Geoff,"#N/A","#N/A",Minor,"#N/A",Toronto,Canada,"#N/A","#N/A","#N/A",L4B 1Y3,Ontario,150 Chestnut Street,"#N/A",Toronto,Canada,"#N/A","#N/A","#N/A","#N/A",L4B 1Y3,Ontario,150 Chestnut Street,(415) 555-1212,"#N/A","#N/A",President
34c0819e-1c34-4844-ac94-d8675639171a,185896c6-1e28-48ea-b113-6b3d2a395cfd,"#N/A","#N/A","#N/A","#N/A",Carole White is looking at moving forward with our products and will act as the champion for us.,info@salesforce.com,"#N/A","#N/A",Carole,"#N/A","#N/A",White,Employee Referral,Toronto,Canada,"#N/A","#N/A","#N/A",L4B 1Y3,Ontario,150 Chestnut Street,"#N/A","#N/A","#N/A","#N/A","#N/A","#N/A","#N/A","#N/A","#N/A","#N/A",(415) 555-1212,2e824cff-4402-49a7-959d-f00c12a8ab6c,"#N/A",VP Sales
3d29dce4-2154-409c-a413-115d6fbc6e97,7f6eac2c-5f6a-425e-aadf-25a986523e02,"#N/A","#N/A","#N/A","#N/A","#N/A","#N/A","#N/A","#N/A",AL,"#N/A","#N/A",32 new contact,"#N/A","#N/A","#N/A","#N/A","#N/A","#N/A","#N/A","#N/A","#N/A","#N/A","#N/A","#N/A","#N/A","#N/A","#N/A","#N/A","#N/A","#N/A","#N/A","#N/A","#N/A",Ms.,"#N/A"
3dddd8af-c0af-4c44-99e0-2cf582e6cac6,3b7ac96a-1968-48f1-86d9-0f8686660e61,"#N/A","#N/A","#N/A","#N/A","#N/A","#N/A","#N/A","#N/A","#N/A","#N/A","#N/A",CI,"#N/A","#N/A","#N/A","#N/A","#N/A","#N/A","#N/A","#N/A","#N/A","#N/A","#N/A","#N/A","#N/A","#N/A","#N/A","#N/A","#N/A","#N/A","#N/A","#N/A","#N/A",Mr.,"#N/A"
4cf0ddfe-5147-4e6b-997b-5e9d554fb249,017b23d0-9094-42ee-a45b-92104578ab78,"#N/A","#N/A","#N/A","#N/A","#N/A","#N/A","#N/A","#N/A",Mohammadasanf,"#N/A","#N/A",Shaikh,"#N/A","#N/A",United States,"#N/A","#N/A","#N/A","#N/A","#N/A","#N/A","#N/A","#N/A","#N/A","#N/A","#N/A","#N/A","#N/A","#N/A","#N/A","#N/A","#N/A","#N/A",Mr.,"#N/A"
573ff144-cdb8-4035-be10-bf60a4cbedd8,69f8ab95-8768-4cb2-a0cc-bc1a02f1f878,"#N/A","#N/A","#N/A","#N/A","#N/A",info@salesforce.com,"#N/A",(212) 555-5555,Edward,"#N/A","#N/A",Stamos,"#N/A",New York City,USA,"#N/A","#N/A","#N/A",31349,NY,10 Main Rd.,"#N/A",New York City,USA,"#N/A","#N/A","#N/A","#N/A",31349,NY,10 Main Rd.,(212) 555-5555,"#N/A","#N/A",President and CEO
5cfcaa6d-e545-44d7-95b1-fbf67219b777,d08636c2-08b4-44d5-936c-8b88f271e6fd,"#N/A","#N/A","#N/A","#N/A","#N/A","#N/A","#N/A","#N/A","#N/A","#N/A","#N/A",SA,"#N/A","#N/A","#N/A","#N/A","#N/A","#N/A","#N/A","#N/A","#N/A","#N/A","#N/A","#N/A","#N/A","#N/A","#N/A","#N/A","#N/A","#N/A","#N/A","#N/A","#N/A",Ms.,"#N/A"
68ed4f66-b4d6-4646-9585-0ea9533b7cdd,69f8ab95-8768-4cb2-a0cc-bc1a02f1f878,"#N/A","#N/A","#N/A","#N/A","#N/A",info@salesforce.com,"#N/A",(212) 555-5555,Howard,"#N/A","#N/A",Jones,"#N/A",New York,USA,"#N/A","#N/A","#N/A",31349,NY,10 Main Rd.,"#N/A","#N/A","#N/A","#N/A","#N/A","#N/A","#N/A","#N/A","#N/A","#N/A",(212) 555-5555,"#N/A","#N/A",Buyer
75371219-c733-4c00-b2de-21dd5f6ffba2,3e463b36-d8e5-40de-b686-3a1da6b49662,"#N/A","#N/A","#N/A","#N/A","#N/A","#N/A","#N/A","#N/A","#N/A","#N/A","#N/A",MMM,"#N/A","#N/A","#N/A","#N/A","#N/A","#N/A","#N/A","#N/A","#N/A","#N/A","#N/A","#N/A","#N/A","#N/A","#N/A","#N/A","#N/A","#N/A","#N/A","#N/A","#N/A","#N/A","#N/A"
7909d827-e0bb-4c0d-a184-8b56442571bf,20d075f1-532c-42f8-8c0a-b89d8976ee2b,"#N/A","#N/A","#N/A","#N/A","#N/A","#N/A","#N/A","#N/A",Test,"#N/A","#N/A",4328,"#N/A","#N/A","#N/A","#N/A","#N/A","#N/A","#N/A","#N/A","#N/A","#N/A","#N/A","#N/A","#N/A","#N/A","#N/A","#N/A","#N/A","#N/A","#N/A","#N/A","#N/A",Mr.,"#N/A"
7fcc92ba-3c2b-4a90-be2b-ca277ad06825,69f8ab95-8768-4cb2-a0cc-bc1a02f1f878,"#N/A","#N/A","#N/A","#N/A","#N/A",info@salesforce.com,"#N/A",(212) 555-5555,Leanne,"#N/A","#N/A",Tomlin,"#N/A",New York,USA,"#N/A","#N/A","#N/A",31349,NY,10 Main Rd.,"#N/A","#N/A","#N/A","#N/A","#N/A","#N/A","#N/A","#N/A","#N/A","#N/A",(212) 555-5555,"#N/A","#N/A",VP Customer Support
be339b02-954f-4fa3-a7dd-56951a34f5eb,9a957483-6256-4232-9e21-9d6e952bacd6,"#N/A","#N/A","#N/A","#N/A","#N/A","#N/A","#N/A","#N/A",al,"#N/A","#N/A",cont32 new 4,"#N/A","#N/A","#N/A","#N/A","#N/A","#N/A","#N/A","#N/A","#N/A","#N/A","#N/A","#N/A","#N/A","#N/A","#N/A","#N/A","#N/A","#N/A","#N/A","#N/A","#N/A",Mr.,"#N/A"
deb43aac-52a4-4a1e-8989-e554f73439a1,185896c6-1e28-48ea-b113-6b3d2a395cfd,"#N/A","#N/A","#N/A","#N/A","#N/A",info@salesforce.com,"#N/A",(555) 555-1212,Jon,"#N/A","#N/A",Amos,"#N/A",Toronto,Canada,"#N/A","#N/A","#N/A",L4B 1Y3,Ontario,150 Chestnut Street,"#N/A","#N/A","#N/A","#N/A","#N/A","#N/A","#N/A","#N/A","#N/A","#N/A",(905) 555-1212,34c0819e-1c34-4844-ac94-d8675639171a,"#N/A",Sales Manager
ec763988-91a4-4f7d-8a85-0d73b9418e9f,cabb8a24-ee29-46a7-8709-cf8d41d3a5e2,"#N/A","#N/A","#N/A","#N/A","#N/A","#N/A","#N/A","#N/A","#N/A","#N/A","#N/A",AW,"#N/A","#N/A","#N/A","#N/A","#N/A","#N/A","#N/A","#N/A","#N/A","#N/A","#N/A","#N/A","#N/A","#N/A","#N/A","#N/A","#N/A","#N/A","#N/A","#N/A","#N/A",Dr.,"#N/A"
ed5e21f8-2aad-4099-b21d-4480a5178fea,76f571eb-8d04-4f4a-a186-b041f01c86d3,"#N/A","#N/A","#N/A","#N/A","#N/A","#N/A","#N/A","#N/A",al,"#N/A","#N/A",cont 32new3,"#N/A","#N/A","#N/A","#N/A","#N/A","#N/A","#N/A","#N/A","#N/A","#N/A","#N/A","#N/A","#N/A","#N/A","#N/A","#N/A","#N/A","#N/A","#N/A","#N/A","#N/A",Ms.,"#N/A"
f5bd2c6d-abbd-4235-93db-cf5eb096be8e,32b43166-a69a-41f3-99b9-cecc4d57a0fb,"#N/A","#N/A","#N/A","#N/A","#N/A","#N/A","#N/A","#N/A","#N/A","#N/A","#N/A",Test,"#N/A","#N/A","#N/A","#N/A","#N/A","#N/A","#N/A","#N/A","#N/A","#N/A","#N/A","#N/A","#N/A","#N/A","#N/A","#N/A","#N/A","#N/A","#N/A","#N/A","#N/A","#N/A","#N/A"
